Name,Address,Latitude,Longitude,Website,PhoneNumber,ReviewsCount,AverageRating
Varsity Tutors - Denver,,39.7326229,-178.67224,varsitytutors.com,+1 720-305-6032,93,4.4
Kumon Math and Reading Center of Denver - Hampden South,"8000 E Quincy Ave #1050, Denver, CO 80237, United States",39.7326229,-178.67224,kumon.com,+1 720-588-9222,18,4.3
University Tutor - Denver,,39.7326229,-178.67224,denver.universitytutor.com,+1 720-548-1762,,
Parliament Tutors - Denver,,39.7326229,-178.67224,parliamenttutors.com,+1 303-957-5556,,
Tutor Time of Denver,"7486 Waterside Loop Rd, Denver, NC 28037, United States",39.7326229,-178.67224,tutortime.com,+1 855-887-8945,35,3.9
Lindamood-Bell Denver Learning Center,"10 Inverness Dr E Ste 150, Englewood, CO 80112, United States",39.7326229,-178.67224,lindamoodbell.com,+1 720-528-8404,2,5.0
English Learning Center,"2201 Dexter St, Denver, CO 80207, United States",39.7326229,-178.67224,englishlearningcenterdenver.org,+1 303-420-0172,22,5.0
David Zindell SAT/ACT Coaching,"23 W Cedar Ave, Denver, CO 80223, United States",39.7326229,-178.67224,davidzindellcoaching.com,+1 303-304-9130,19,5.0
Thrive Tutoring Denver,,39.7326229,-178.67224,thrivetutoringdenver.com,+1 720-737-8009,101,5.0
Olivier Renard French Tutor,,39.7326229,-178.67224,business.site,+1 702-205-2011,2,5.0
